::1,"Mozilla/5.0 (Windows NT 10.0; Win64; x64) AppleWebKit/537.36 (KHTML, like Gecko) Chrome/146.0.0.0 Safari/537.36","2026-03-23 10:18:56",Yes,Yes,Yes
::1,"Mozilla/5.0 (Windows NT 10.0; Win64; x64) AppleWebKit/537.36 (KHTML, like Gecko) Chrome/146.0.0.0 Safari/537.36","2026-03-23 10:43:19",Yes,Yes,Yes
127.0.0.1,"Mozilla/5.0 (Windows NT 10.0; Win64; x64) AppleWebKit/537.36 (KHTML, like Gecko) Chrome/146.0.0.0 Safari/537.36","2026-03-23 14:05:55",Yes,Yes,Yes
::1,"Mozilla/5.0 (Windows NT 10.0; Win64; x64) AppleWebKit/537.36 (KHTML, like Gecko) Chrome/146.0.0.0 Safari/537.36","2026-03-23 14:13:09",Yes,Yes,Yes
127.0.0.1,"Mozilla/5.0 (Windows NT 10.0; Win64; x64) AppleWebKit/537.36 (KHTML, like Gecko) Chrome/146.0.0.0 Safari/537.36","2026-03-24 10:02:12",Yes,Yes,Yes
127.0.0.1,"Mozilla/5.0 (Windows NT 10.0; Win64; x64) AppleWebKit/537.36 (KHTML, like Gecko) Chrome/146.0.0.0 Safari/537.36","2026-03-24 12:57:12",Yes,Yes,Yes
::1,"Mozilla/5.0 (Windows NT 10.0; Win64; x64) AppleWebKit/537.36 (KHTML, like Gecko) Chrome/146.0.0.0 Safari/537.36","2026-03-25 10:09:58",Yes,Yes,Yes
::1,"Mozilla/5.0 (Windows NT 10.0; Win64; x64) AppleWebKit/537.36 (KHTML, like Gecko) Chrome/146.0.0.0 Safari/537.36","2026-04-07 08:16:30",Yes,Yes,Yes
2409:40c1:2c:435:8000::,"Mozilla/5.0 (Linux; Android 10; K) AppleWebKit/537.36 (KHTML, like Gecko) Chrome/146.0.0.0 Mobile Safari/537.36","2026-04-07 15:49:29",Yes,Yes,Yes
103.170.127.32,"Mozilla/5.0 (Windows NT 10.0; Win64; x64) AppleWebKit/537.36 (KHTML, like Gecko) Chrome/146.0.0.0 Safari/537.36","2026-04-08 04:02:32",Yes,Yes,Yes
2401:4900:50a0:f4b1:5443:93ff:fece:d2d9,"Mozilla/5.0 (X11; Linux x86_64) AppleWebKit/537.36 (KHTML, like Gecko) Chrome/146.0.0.0 Safari/537.36","2026-04-08 04:17:16",Yes,Yes,Yes
103.170.127.32,"Mozilla/5.0 (Linux; Android 10; K) AppleWebKit/537.36 (KHTML, like Gecko) Chrome/146.0.0.0 Mobile Safari/537.36","2026-04-08 11:29:57",Yes,Yes,Yes
103.170.127.32,"Mozilla/5.0 (Linux; Android 10; K) AppleWebKit/537.36 (KHTML, like Gecko) Chrome/146.0.0.0 Mobile Safari/537.36","2026-04-08 13:58:48",Yes,Yes,Yes
2409:40c1:6417:cda0:8000::,"Mozilla/5.0 (Linux; Android 10; K) AppleWebKit/537.36 (KHTML, like Gecko) Chrome/146.0.0.0 Mobile Safari/537.36","2026-04-09 04:30:15",Yes,Yes,Yes
14.139.98.103,"Mozilla/5.0 (Windows NT 10.0; Win64; x64) AppleWebKit/537.36 (KHTML, like Gecko) Chrome/146.0.0.0 Safari/537.36","2026-04-09 09:55:55",Yes,Yes,Yes
2409:40c1:51:355a:8000::,"Mozilla/5.0 (Linux; Android 10; K) AppleWebKit/537.36 (KHTML, like Gecko) Chrome/146.0.0.0 Mobile Safari/537.36","2026-04-09 15:45:20",Yes,Yes,Yes
103.170.127.32,"Mozilla/5.0 (Windows NT 10.0; Win64; x64) AppleWebKit/537.36 (KHTML, like Gecko) Chrome/146.0.0.0 Safari/537.36","2026-04-10 05:07:11",Yes,Yes,Yes
2409:40c1:5b:c488:8000::,"Mozilla/5.0 (Linux; Android 10; K) AppleWebKit/537.36 (KHTML, like Gecko) Chrome/146.0.0.0 Mobile Safari/537.36","2026-04-10 06:43:36",Yes,Yes,Yes
103.170.127.32,"Mozilla/5.0 (Windows NT 10.0; Win64; x64) AppleWebKit/537.36 (KHTML, like Gecko) Chrome/146.0.0.0 Safari/537.36","2026-04-11 15:49:01",Yes,Yes,Yes
103.170.127.32,"Mozilla/5.0 (Windows NT 10.0; Win64; x64) AppleWebKit/537.36 (KHTML, like Gecko) Chrome/146.0.0.0 Safari/537.36","2026-04-11 16:33:29",Yes,Yes,Yes
2409:40c1:28:a4b5:8000::,"Mozilla/5.0 (Linux; Android 10; K) AppleWebKit/537.36 (KHTML, like Gecko) Chrome/146.0.0.0 Mobile Safari/537.36","2026-04-13 04:23:45",Yes,Yes,Yes
103.170.127.32,"Mozilla/5.0 (Windows NT 10.0; Win64; x64) AppleWebKit/537.36 (KHTML, like Gecko) Chrome/146.0.0.0 Safari/537.36","2026-04-13 05:07:16",Yes,Yes,Yes
